INSTITUTION,COUNT,NCI
DANA-FARBER CANCER INSTITUTE,47,True
UT M. D. ANDERSON CANCER CENTER,29,True
UCSF - HELEN DILLER FAMILY COMPREHENSIVE CANCER CENTER,26,True
MAYO CLINIC HOSPITAL ROCHESTER,24,True
THE JOHNS HOPKINS HOSPITAL - SIDNEY KIMMEL CANCER CENTER,24,True
PROSTATE ONCOLOGY SPECIALISTS,20,False
MEMORIAL SLOAN,19,True
HUTCHINSON,17,True
BRIGHAM AND WOMEN'S HOSPITAL,17,False
SMILOW CANCER,13,True
MASSACHUSETTS GENERAL HOSPITAL,13,False
MOUNT SINAI HOSPITAL,12,True
KNIGHT,11,True
UC SAN DIEGO HEALTH - MOORES CANCER CENTER,10,True
SITEMAN,10,True
AMERICAN INSTITUTE FOR DISEASES OF THE PROSTATE,10,False
SIMON COMPREHENSIVE CANCER,8,True
NORTHWESTERN,8,True
INGRAM CANCER,8,True
DUKE CANCER,7,True
RONALD REAGAN UCLA MEDICAL CENTER,7,False
CLEVELAND CLINIC - MAIN CAMPUS,7,False
MAYO CLINIC - PHOENIX,6,False
THE UNIVERSITY OF CHICAGO COMPREHENSIVE CANCER CENTER,6,True
THE QUEEN'S MEDICAL CENTER,5,False
FLORIDA HOSPITAL,5,False
VIRGINIA MASON MEDICAL CENTER,5,False
NEW YORK PRESBYTERIAN HOSPITAL - WEILL CORNELL MEDICAL CENTER,5,False
KAISER PERMANENTE - OAKLAND MEDICAL CENTER,5,False
OHIO STATE UNIVERSITY - WEXNER MEDICAL CENTER,5,False
ARIZONA UROLOGY SPECIALISTS - SCOTTSDALE,5,False
MOFFITT,5,True
"LAHEY HOSPITAL & MEDICAL CENTER, BURLINGTON",5,False
UNIVERSITY OF ROCHESTER - STRONG MEMORIAL HOSPITAL,5,False
UT SOUTHWESTERN SIMMONS COMPREHENSIVE CANCER CENTER,4,True
HARTFORD HOSPITAL,4,False
SARTOGA HOSPITAL - SARATOGA SPRINGS,4,False
UC DAVIS HEALTH - COMPREHENSIVE CANCER CENTER,4,True
SCRIPPS CLINIC - SAN DIEGO,4,False
STANFORD CANCER INSTITUTE,4,True
MAYO CLINIC - JACKSONVILLE,4,False
THE UNIVERSITY OF KANSAS MEDICAL CENTER,4,False
UNIVERSITY OF KANSAS CANCER CENTER,4,True
UNIVERSITY OF ROCHESTER - WILMOT CANCER INSTITUTE,4,False
HONORHEALTH SCOTTSDALE SHEA MEDICAL CENTER,4,False
"KANSAS CITY UROLOGY CARE, PA",4,False
CONCORD HOSPITAL - PAYSON CENTER FOR CANCER CARE,4,False
KECK HOSPITAL OF USC - NORRIS CANCER CENTER,4,True
UC HEALTH - UNIVERSITY OF COLORADO CANCER CENTER,4,True
WINSHIP,4,True
RUTGERS CANCER,4,True
COMPREHENSIVE CANCER CENTERS - CENTRAL VALLEY,4,False
UNIVERSITY HOSPITALS OF CLEVELAND - CLEVELAND MEDICAL CENTER,4,False
DANA-FARBER CANCER INSTITUTE AT ST ELIZABETH'S MEDICAL CENTER,4,False
KAISER PERMANENTE - SACRAMENTO MEDICAL CENTER,3,False
CARBONE,3,True
ORLANDO HEALTH - CLERMONT,3,False
"COLUMBIA UNIVERSITY IRVING MEDICAL CENTER, NEW YORK PRESBYTERIAN HOSPITAL - COLUMBIA UNIVERSITY MEDICAL CENTER, COLUMBIA UNIVERSITY IRVING MEDICAL CENTER",3,True
SPERLING PROSTATE CENTER,3,False
NORRIS COTTON,3,True
HOUSTON METRO UROLOGY,3,False
SAINT JOSEPH HOSPITAL,3,False
PHYSICIANS REGIONAL MEDICAL CENTER - PINE RIDGE,3,False
MINNESOTA UROLOGY - ROBBINSDALE,3,False
NEW JERSEY UROLOGY,3,False
SWEDISH MEDICAL CENTER - RADIOSURGERY CENTER,3,False
SARASOTA MEMORIAL HOSPITAL,3,False
UROLOGY AUSTIN,3,False
UROLOGY OF INDIANA,3,False
PRESBYTERIAN HOSPITAL,3,False
UNIVERSITY HEALTH NETWORK - PRINCESS MARGARET CANCER CENTRE,3,False
MASSEY,3,True
SWEDISH MEDICAL CENTER - FIRST HILL,3,False
GENESIS HEALTHCARE PARTNERS,3,False
ADVANCED UROLOGY,3,False
LAHEY HOSPITAL AND MEDICAL CENTER,3,False
BOSTON MEDICAL CENTER,3,False
PIEDMONT ATLANTA HOSPITAL,3,False
KAISER PERMANENTE - SOUTH SACRAMENTO MEDICAL CENTER,3,False
COLUMBIA UNIVERSITY IRVING MEDICAL CENTER,3,False
BETH ISRAEL DEACONESS MEDICAL CENTER,3,False
FLORIDA CANCER SPECIALISTS - SARASOTA,3,False
UROLOGY ASSOCIATES - ENGLEWOOD,3,False
UROLOGY ASSOCIATES,3,False
HAWAII PACIFIC HEALTH - STRAUB MEDICAL CENTER,3,False
THE POLYCLINIC MADISON CENTER,3,False
PROVIDENCE MEDICAL GROUP - MEDFORD,3,False
ROGEL,3,True
LOMA LINDA UNIVERSITY MEDICAL CENTER,3,False
MAYO CLINIC - SCOTTSDALE,3,False
"PERLMUTTER, NYU LANGONE HEALTH - PERLMUTTER CANCER CENTER",3,True
MEDSTAR GEORGETOWN UNIVERSITY HOSPITAL,3,False
UROLOGY SAN ANTONIO,3,False
TULANE MEDICAL CENTER,3,False
DUPAGE MEDICAL GROUP - LISLE,3,False
COMPREHENSIVE UROLOGIC CARE - LAKE BARRINGTON,3,False
ROCHESTER REGIONAL HEALTH,3,False
WALTER REED NATIONAL MILITARY MEDICAL CENTER,3,False
IRONWOOD CANCER & RESEARCH CENTER - CHANDLER,2,False
SEATTLE CANCER CARE ALLIANCE - TRI CITIES CANCER CENTER,2,False
UROLOGY ASSOCIATES OF COLORADO - DENVER,2,False
UCHEALTH - HARMONY CAMPUS,2,False
UCLA - SANTA MONICA,2,False
NORTON CANCER INSTITUTE,2,False
ROYAL INLAND HOSPITAL,2,False
ARKANSAS UROLOGY,2,False
ST. DAVID'S MEDICAL CENTER,2,False
ASCENSION SETON MEDICAL CENTER AUSTIN,2,False
MASONIC,2,True
ROSWELL PARK,2,True
OHIO STATE UNIVERSITY - RIVERSIDE METHODIST HOSPITAL,2,False
LEGACY GOOD SAMARITAN MEDICAL CENTER,2,False
SWEDISH UROLOGY GROUP,2,False
COTTAGE HEALTH - ALAN L ROSENBLUM MD INC,2,False
"UROLOGICAL ASSOCIATES OF SOUTHERN ARIZONA, PC",2,False
HOLDEN,2,True
CAROLINAEAST HEALTH SYSTEM - NEW BERN,2,False
PHOENIX MOLECULAR IMAGING,2,False
CEDARS-SINAI MEDICAL CENTER,2,False
FLORIDA CANCER SPECIALISTS - VILLAGES CANCER CENTER,2,False
KAISER PERMANENTE - SANTA CLARA MEDICAL CENTER,2,False
COMPASSIONATE ONCOLOGY MEDICAL GROUP,2,False
UROLOGY GROUP OF PRINCETON,2,False
"UROLOGY ASSOCIATES: DENVER LOCATION, ROSE MEDICAL UROLOGY CENTER",2,False
MEMORIAL SLOAN KETTERING CANCER CENTER - WESTCHESTER,2,False
VANCOUVER GENERAL HOSPITAL,2,False
NORTHWESTERN MEDICINE - KISHWAUKEE CANCER CENTER,2,False
TOWER UROLOGY,2,False
DUKE HEALTH - RALEIGH HOSPITAL,2,False
OU MEDICINE - STEPHENSON CANCER CENTER,2,True
EDWARD HOSPITAL,2,False
CITY OF HOPE,2,True
SYLVESTER,2,True
HOLLING,2,True
KAISER PERMANENTE - DENVER,2,False
THE UROLOGY CENTER OF COLORADO,2,False
ALLIANCE UROLOGY SPECIALISTS,2,False
HOUSTON METHODIST CANCER CENTER AT TMC,2,False
CALIORNIA PROTONS CANCER THERAPY CENTER,2,False
BURNABY HOSPITAL,2,False
NORTHWEST UROLOGY CLINIC,2,False
RADIOTHERAPY CLINICS OF GEORGIA - DECATUR,2,False
GRIFFIN FACULTY PHYSICIANS - UROLOGY,2,False
COLUMBIA MEMORIAL HOSPITAL,2,False
SENTARA MARTHA JEFFERSON HOSPITAL,2,False
SOUTHWEST FLORIDA UROLOGIC ASSOCIATES,2,False
NORTH MEMORIAL HEALTH HOSPITAL,2,False
FIRST UROLOGY - LOUISVILLE,2,False
ADVOCATE GOOD SHEPHERD HOSPITAL,2,False
ORLANDO HEALTH - UF CANCER CENTER,2,False
CITY OF HOPE - GLENDORA,2,False
KAISER PERMANENTE - BELLEVUE,2,False
ROCHESTER GENERAL HOSPITAL - LIPSON CANCER CENTER,2,False
UCSF MEDICAL CENTER - MISSION BAY,2,False
KAISER PERMANENTE - RIVERSIDE,2,False
UROLOGY ASSOCIATES OF SAN LUIS OBISPO,2,False
ARIZONA ONCOLOGY - PHOENIX,2,False
ADVENTHEALTH MEDICAL GROUP UROLOGY AT ORLANDO,2,False
KAISER PERMANENTE - SOUTH SAN FRANCISCO,2,False
UROLOGY SPECIALTY CARE OF MIAMI,2,False
ROSEWELL PARK COMPREHENSIVE CANCER CENTER,2,False
GREENVILLE MEMORIAL HOSPITAL,2,False
SCRIPPS HEALTH - SCRIPPS PROTON THERAPY CENTER,2,False
DUKE HEALTH - DUKE PRIMARY CARE - HILLSBOROUGH,2,False
FLORIDA UROLOGY PARTNERS,2,False
CANCER CENTER OF KANSAS,2,False
21ST CENTURY ONCOLOGY CLINIC - FORT MYERS,2,False
USMD UROLOGY ASSOCIATES OF NORTH TEXAS - ARLINGTON,2,False
RIVERSIDE UROLOGY SPECIALISTS - WILLIAMSBURG,2,False
SUTTER HEALTH - EAST BAY MEDICAL FOUNDATION,2,False
UROLOGY OF VIRGINIA,2,False
"UROLOGY ASSOCIATES, P.C. - FRANKLIN",2,False
BOCA RATON REGIONAL HOSPITAL - LYNN CANCER CENTER,2,False
WISCONSIN INSTITUTE OF UROLOGY,2,False
"COOLEY DICKINSON HOSPITAL INC,THE",2,False
KAISER PERMANENTE - SEATTLE,2,False
MERCY MEDICAL GROUP - SACRAMENTO,2,False
CHESAPEAKE UROLOGY - SILVER SPRING,2,False
MINNESOTA UROLOGY - ST. PAUL,2,False
MINNESOTA ONCOLOGY - MAPLEWOOD,2,False
FOX CHASE,2,True
CAROLINAEAST UROLOGY CENTER,2,False
CALIFORNIA CANCER CARE - SAN MATEO,2,False
MAYO CLINIC HEALTH SYSTEM - FRANCISCAN HEALTHCARE,2,False
KAISER PERMANENTE - REDWOOD CITY,2,False
UROLOGICAL ASSOCIATES P.C.,2,False
EL CAMINO HEALTH - CANCER CENTER,2,False
HOAG HOSPITAL - NEWPORT BEACH,2,False
MEMORIAL HEALTH SYSTEM - AVENTURA,2,False
NORTH BAY MEDICAL CENTER - NAPA,2,False
NORTHEAST REGIONAL CANCER CENTRE,2,False
KAISER PERMANENTE - SAN JOSE MEDICAL CENTER,2,False
TUFTS MEDICAL CENTER,2,False
ALOHA UROLOGY,2,False
SCRIPPS HEALTH - SCRIPPS CLINIC RANCHO BERNARDO,2,False
ADVENTIST HEALTH - ST. HELENA,2,False
TERK ONCOLOGY,2,False
KAISER PERMANENTE - MODESTO,2,False
INOVA FAIRFAX HOSPITAL,2,False
BON SECOURS - ST FRANCIS CANCER CENTER,2,False
FLORIDA CANCER SPECIALISTS - FORT MYERS,2,False
BAPTIST PRIMARY CARE,2,False
NEWTON-WELLESLEY HOSPITAL,2,False
FORE RIVER UROLOGY,2,False
CENTURY CANCER CENTERS - DENVER,2,False
UMASS MEMORIAL MEDICAL CENTER,2,False
BOCA CARE UROLOGY,2,False
HARVARD VANGUARD MEDICAL ASSOCIATES - KENMORE,2,False
BLUE RIDGE CANCER CARE - ROANOKE,2,False
PENN MEDICINE - HOSPITAL OF THE UNIVERSITY OF PENNSYLVANIA,2,False
ASSOCIATED UROLOGISTS OF NORTH CAROLINA,2,False
VILLAGE MEDICAL CLINIC,2,False
UROLOGY PC - LINCOLN,2,False
BANNER GATEWAY MEDICAL CENTER,2,False
MEMORIAL HERMANN TEXAS MEDICAL CENTER - BAYLOR,2,False
ANNE ARUNDEL UROLOGY,2,False
SOUTHERN NEW HAMPSHIRE MEDICAL CENTER,2,False
NATIONAL INSTITUTES OF HEALTH,2,False
GRAND RIVER HOSPITAL,2,False
DATOLLI CANCER CENTER,2,False
MERCY HOSPITAL SOUTH,2,False
MENORAH MEDICAL CENTER - SARAH CANNON CANCER INSTITUTE - LEAWOOD HOSPITAL,2,False
NORTHWESTERN MEDICINE - CENTRAL DUPAGE HOSPITAL,2,False
UROLOGY GROUP OF WESTERN NEW ENGLAND,2,False
NORTHSHORE UNIVERSITY HEALTH SYSTEM - GLENBROOK HOSPITAL - KELLOGG CANCER CENTER,2,False
KAISER PERMANENTE - LOS ANGELES,2,False
UF HEALTH - SHANDS HOSPITAL,2,False
PORTER ADVENTIST HOSPITAL,2,False
ARIZONA MOLECULAR IMAGING CENTER,2,False
METRO UROLOGY,2,False
NORTHWELL HEALTH CENTER FOR ADVANCED MEDICINE - MOTNER CANCER CENTER,2,False
MAYS,1,True
ST PETER'S HOSPITAL - ALBANY,1,False
NORTHSHORE UNIVERSITY HEALTH SYSTEM - EVANSTON HOSPITAL,1,False
KAISER PERMANENTE - WOODLAND HILLS,1,False
COLORADO UROLOGY - WESTMINSTER,1,False
KAISER PERMANENTE - CASCADE PARK,1,False
CONE HEALTH CANCER CENTER - WESLEY LONG,1,False
BAKERSFIELD PATHOLOGY,1,False
NORTHWEST UROLOGY\,1,False
MAYO CLINIC HOSPITAL - METHODIST,1,False
CLEVELAND CLINIC - AKRON GENERAL,1,False
CANCER CARE CENTERS OF BREVARD - PALM BAY,1,False
HARRY S TRUMAN MEMORIAL VA,1,False
EINSTEIN MEDICAL CENTER PHILADELPHIA,1,False
ASTRIA REGIONAL MEDICAL CENTER,1,False
KAISER PERMANENTE - TACOMA MEDICAL CENTER,1,False
NORTHSHORE UNIVERSITY HEALTH SYSTEM - GLENVIEW HOSPITAL,1,False
SAINT LUKE'S CANCER INSTITUTE,1,False
INOVA SCHAR CANCER INSTITUTE,1,False
UROLOGY ASSOCIATES OF DOVER,1,False
BRIGHAM COMMUNITY PRACTICE,1,False
OYEN MEDICAL CLINIC,1,False
UCSF MEDICAL CENTER - MOUNT ZION,1,False
GENESIS MEDICAL CENTER - DAVEPORT,1,False
EVANSTON HOSPITAL,1,False
"PHOENIX UROLOGY OF ST JOSEPHS, INC",1,False
BAPTIST HEALTH SOUTH FLORIDA - MIAMI CANCER INSTITUTE,1,False
UT - WEST CANCER CENTER,1,False
VA MEDICAL CENTER - FAYETTEVILLE,1,False
21ST CENTURY ONCOLOGY CLINIC - SARASOTA,1,False
MINNESOTA UROLOGY - COON RAPIDS,1,False
SUDBURY REGIONAL HOSPITAL,1,False
CANCER CARE OF WESTERN NORTH CAROLINA,1,False
INTEGRATED MEDICAL SERVICES,1,False
GEORGIA UROLOGY - WOODSTOCK,1,False
WILLIAMSON MEDICAL CENTER,1,False
SUTTER HEALTH - BURLINGAME CENTER,1,False
MEDICINE HAT REGIONAL HOSPITAL,1,False
THE UROLOGY CLINIC - JOHNSON CITY,1,False
BILLINGS CLINIC HOSPITAL,1,False
WICHITA UROLOGY GROUP,1,False
INFIRMARY HEALTH,1,False
STATEN ISLAND UNIVERSITY HOSPITAL,1,False
MIDDLESEX HEALTH,1,False
MANCHESTER VA MEDICAL CENTER,1,False
UCLA HEALTH - SAN LUIS OBISPO,1,False
STANFORD HEALTHCARE - REDWOOD CITY,1,False
ORLANDO HEALTH MEDICAL GROUP - WINTER PARK,1,False
DESERT HEMATOLOGY ONCOLOG MEDICAL GROUP INC,1,False
PALOMAR HEALTH AT SAN MARCOS,1,False
OU PHYSICIANS,1,False
BRITTONFIELD MEDICAL CENTER,1,False
CHAO FAMILY COMPREHENSIVE CANCER CENTER,1,True
PROVIDENCE CANCER INSTITUTE - FRANZ CLINIC,1,False
MARK FRITZLER CHICO UROLOGY,1,False
TENNESSEE ONCOLOGY - CENTENNIAL CLINIC,1,False
PEACE HEALTH OF ST JOSEPH CANCER CENTER,1,False
"OFFICE OF PETER BOSCO, MD",1,False
MERCY GENERAL HOSPITAL,1,False
WILLAMETTE UROLOGY PC,1,False
CATHOLIC HEALTH - KENMORE MERCY HOSPITAL,1,False
LAKE DISTRICT HOSPITAL,1,False
RENO ONCOLOGY CONSULTANTS,1,False
DUPAGE MEDICAL GROUP - DOWNERS GROVE,1,False
NYC HEALTH + HOSPITALS/ELMHURST,1,False
MARINHEALTH UROLOGY,1,False
FLORIDA UROLOGY SPECIALISTS - FORT MEYERS,1,False
WOODLANDS MEDICAL SPECIALISTS,1,False
FLORIDA UROLOGY SPECIALISTS - SARASOTA,1,False
SELKIRK REGIONAL HEALTH CENTRE,1,False
CAPITAL HEALTH MEDICAL CENTER - HOPEWELL,1,False
PREMIER MEDICAL GROUP OF THE HUDSON VALLEY,1,False
CENTRAL TEXAS UROLOGY,1,False
RIDGEVIEW MEDICAL CENTER,1,False
BAKERSFIELD - UROLOGY,1,False
WESLEY LONG HOSPITAL,1,False
COASTAL UROLOGY ASSOCIATES,1,False
MEMORIAL MEDICAL CENTER,1,False
UROLOGY ASSOCIATES - DURANGO,1,False
GREENBRIAR UROLOGY - BECKLEY,1,False
FAMILY MEDICINE OF WARREN PA PC,1,False
UNIVERSITY OF MICHIGAN HEALTH SYSTEM - WESTSHORE UROLOGY,1,False
ST. JOSEPH MERCY OAKLAND,1,False
ROCKY MOUNTAIN CANCER CENTERS - ENGLEWOOD,1,False
ELKHART CLINIC,1,False
SUTTER EAST BAY MEDICAL FOUNDATION - BRENTWOOD CARE CENTER,1,False
RICHMOND UROLOGY GROUP,1,False
TEXOMA UROLOGY CENTER,1,False
CENTER FOR RADIATION THERAPY OF BEVERLY HILLS,1,False
TURNURE MEDICAL GROUP,1,False
SENTARA NORFOLK GENERAL HOSPITAL,1,False
HILLMAN,1,True
JAMAICA PLAIN VA MEDICAL CENTER,1,False
"ESSEX-HUDSON UROLOGY, PC",1,False
THE OTTAWA HOSPITAL CIVIC CAMPUS,1,False
LIBERTY HOSPITAL,1,False
TORONTO GENERAL HOSPITAL,1,False
MAINEGENERAL UROLOGY,1,False
UNIVERSITY OF MARYLAND - MARYLAND PROTON TREATMENT CENTER,1,False
ALBUQUERQUE UROLOGY ASSOCIATES,1,False
SARAPATH DIAGNOSTICS,1,False
DOUG MACMILLAN CLINIC,1,False
WESTMED MEDICAL GROUP - WHITE PLAINS,1,False
COMPREHENSIVE UROLOGY MHP,1,False
SUTTER HEALTH - ROSEVILLE MEDICAL CENTER,1,False
SUMMIT MEDICAL GROUP CANCER CENTER,1,False
CHINN AND CHINN UROLOGY MED ASSOCS,1,False
AURORA BAYCARE MEDICAL CENTER,1,False
FLORIDA CANCER SPECIALISTS - TAMPA,1,False
DUKE HEALTH - DUKE CANCER CENTER - CARY,1,False
VIRGINIA ONCOLOGY ASSOCIATES - NORFOLK,1,False
NORTHEN ILLINOIS MEDICAL ASSOCIATES,1,False
KAISER PERMANENTE - SAN MARCOS,1,False
HARLEM HOSPITAL,1,False
DIGNITY HEALTH - PRESCOTT UROLOGY,1,False
CREDIT VALLEY HOSPTIAL,1,False
BAY AREA THERAPEUTIC ONCOLOGY,1,False
GEORGE WASHINGTON UNIVERSITY HOSPITAL,1,False
USMD UROLOGY ASSOCIATES OF NORTH TEXAS - GRAPEVINE,1,False
MIAMI VA MEDICAL CENTER,1,False
OHIOHEALTH DUBLIN METHODIST HOSPITAL,1,False
SHARP REES-STEALY SAN DIEGO,1,False
UCHEALTH MEMORIAL HOSPITAL CENTRAL,1,False
NORTHWEST COMMUNITY HOSPITAL,1,False
HEMATOLOGY ONCOLOGY ASSOCIATES - MEDFORD,1,False
TRINITY HOSPITAL,1,False
ATLANTIC UROLOGY CLINICS LLC,1,False
MAINEGENERAL MEDICAL CENTER,1,False
SAN FRANCISCO VA MEDICAL CENTER,1,False
ASSOCIATED MEDICAL PROFESSIONALS OF NY,1,False
EDWARD W SPARROW HOSPITAL,1,False
COASTAL UROLOGY OF STUART,1,False
NORTHWEST MEDICAL CENTER,1,False
TORRANCE MEMORIAL PHYSICIAN NETWORK CANCER CENTER,1,False
ROCKY MOUNTAIN CANCER CENTERS - LITTLETON,1,False
ARIZONA INSTITUTE OF UROLOGY - NORTHWEST,1,False
UROLOGY ASSOCIATES - SHREWSBURY,1,False
"OFFICE OF ALFONSO CUTUGNO, MD",1,False
PRISMA HEALTH - REGIONAL UROLOGY - GREENVILLE,1,False
SWEDISH MEDICAL CENTER - CHERRY HILL,1,False
TWIN COUNTY UROLOGY,1,False
ST MARY'S REGIONAL MEDICAL CENTER,1,False
NORTHERN LIGHT HEALTH,1,False
SEASHORE SURGICAL INSTITUTE,1,False
CARIS LIFE SCIENCE,1,False
JOSEPH ESQUEGA HEALTH CENTRE,1,False
ALASKA UROLOGY,1,False
EASTSIDE MEDICAL CENTER,1,False
ASPIRUS WAUSAU HOSPITAL,1,False
SIERRA HEMATOLOGY ONCOLOGY MEDICAL CENTER - MIDTOWN,1,False
ADVENTIST HEALTH - HANFORD,1,False
ALTA BATES SUMMIT MEDICAL CENTER,1,False
MIAMI COUNTY UROLOGUST INC,1,False
UROLOGY OF GREATER ATLANTA,1,False
SOUTHWEST MEMORIAL HOSPITAL,1,False
UCI UROLOGY,1,False
HAROLD ALFOND CENTER FOR CANCER CARE,1,False
PRINCETON MEDICAL GROUP,1,False
BAYLOR SCOTT AND WHITE MEDICAL CENTER - GRAPEVINE,1,False
"ADVANCED UROLOGY OF SARASOTA, LLC",1,False
CRETICOS CANCER CENTER,1,False
ONCOLOGY HEMATOLOGY ASSOCIATES OF SOUTHWEST INDIANA,1,False
ST JOSEPH HOSPITAL - NASHUA,1,False
DUBLIN METHODIST HOSPITAL,1,False
VIRGINIA HOSPITAL CENTER,1,False
HACKENSACK UNIVERSITY MEDICAL CENTER,1,False
GEORGE WASHINGTON MEDICAL FACULTY ASSOCIATES,1,False
RIVERSIDE METHODIST HOSPITAL,1,False
SUTTER ALTA BATES SUMMIT MEDICAL CENTER,1,False
AFFILIATED UROLOGISTS - CENTRAL PHEONIX,1,False
AMERICAN HEALTH NETWORK,1,False
NATIONAL NAVAL MEDICAL CENTER,1,False
ARIZONA CENTER FOR CANCER CARE - VIRGINIA G PIPER CANCER CARE NETWORK,1,False
OHIOHEALTH GRANT MEDICAL CENTER,1,False
TEXAS UROLOGY GROUP,1,False
GLOBAL ROBOTICS INSTITUTE,1,False
ADVENTHEALTH CELEBRATION,1,False
WEST TEXAS UROLOGY,1,False
DR. GLUCK'S WELLNESS CENTER,1,False
NORTH BAY REGIONAL HEALTH CENTRE,1,False
UROPARTNERS,1,False
UROLOGY PARTNERS OF WEST KENTUCKY,1,False
GUELPH GENERAL HOSPITAL,1,False
PRESCOTT UROLOGY,1,False
PARKVIEW HOSPITAL - RANDALLIA,1,False
FRAZIER T. FORTENBERRY,1,False
FOX VALLEY RADIATION ONCOLOGY,1,False
SOUTHWEST UROLOGY ASSOCIATES,1,False
SUTTER HEALTH - ORINDA CARE CENTER,1,False
KAISER PERMANENTE - PANORAMA CITY,1,False
COMMUNITY HOSPITAL SOUTH,1,False
ROYAL VICTORIA REGIONAL HEALTH CENTRE,1,False
PIKES PEAK UROLOGY,1,False
PROVIDENCE REGIONAL CANCER CENTER - LACEY,1,False
UROLOGY NEVADA,1,False
CAPE GIRARDEAU UROLOGY ASSOCIATES,1,False
ROCKY MOUNTAIN CANCER CENTERS - THORTON,1,False
LINEBERGER,1,True
THE UNIVERSITY OF KANSAS CANCER CENTER,1,False
MORRISTOWN MEDICAL CENTER,1,False
CHI SAINT JOSEPH HEALTH - ST JOSEPH EAST,1,False
ARKLATEX UROLOGY,1,False
SUTTER HEALTH - SUTTER MEDICAL CENTER - SACRAMENTO,1,False
OHIO STATE UNIVERSITY COMPREHENSIVE CANCER CENTER - THE JAMES,1,True
MARTIN-O'NEIL CANCER CENTER,1,False
HENRY FORD HOSPITAL,1,False
HARVARD VANGUARD MEDICAL ASSOCIATES - DEADHAM,1,False
CENTRAL MONTANA MEDICAL CENTER,1,False
LG HEALTHCARE,1,False
BEVERLY HOSPITAL,1,False
TEXAS REGIONAL UROLOGY,1,False
EPIC CARE - OAKLAND,1,False
ST. JOSEPH'S HOSPITAL - LONDON,1,False
UROLOGY CONSULTANTS,1,False
FLORIDA CANCER SPECIALISTS - CAPE CORAL,1,False
HEARTLAND MEDICAL CLINIC,1,False
VIRTUA PRIMARY CARE - MAPLE SHADE,1,False
BLANCHFIELD ARMY COMMUNITY HOSPITAL,1,False
NORTH SHORE MEDICAL CENTER MIAMI,1,False
COMPREHENSIVE UROLOGY - NOVI,1,False
ST. MARY'S GENERAL HOSPITAL,1,False
THE UNIVERSITY OF KANSAS HEALTH SYSTEM - RICHARD AND ANNETTE BLOCH CANCER CARE PAVILLION,1,False
KATMAI ONCOLOGY GROUP - ANCHORAGE CLINIC,1,False
NORWALK HOSPITAL,1,False
FLORIDA CANCER SPECIALISTS - NEW PORT RICHEY,1,False
ARIZONA ONCOLOGY - TUCSON,1,False
CLEARVIEW CANCER INSTITUTE,1,False
HENRY FORD ALLEGIANCE HEALTH,1,False
AVISTA ADVENTIST HOSPITAL,1,False
AURORA MEDICAL CENTER,1,False
UM ST. JOSEPH MEDICAL CENTER,1,False
UCHEALTH MEDICAL CENTER OF THE ROCKIES,1,False
SOUTHEASTERN UROLOGICAL CENTER PA,1,False
HARRISON HEALTH PARTNERS - POULSBO,1,False
GREENBRIER VALLEY MEDICAL,1,False
KAISER PERMANENTE - FREMONT,1,False
MAYO CLINIC HEALTH SYSTEM - RED WING,1,False
DIABLO VALLEY ONCOLOGY AND HEMATOLOGY MEDICAL GROUP,1,False
MYSTIC VALLEY UROLOGICAL ASSOCIATES,1,False
NORTH ALABAMA UROLOGY,1,False
EMORY DECATUR HOSPITAL,1,False
COLORADO UROLOGY - AURORA,1,False
MIDDLESEX UROLOGY,1,False
WASHINGTON UNIVERSITY PHYSICIANS,1,False
ASANTE THREE RIVERS MEDICAL CENTER,1,False
CHANDLER REGIONAL MEDICAL CENTER,1,False
UROLOGY SPECIALISTS OF WEST FLORIDA,1,False
IDAHO UROLOGIC INSTITUTE,1,False
ASCENSION - UROLOGY AUSTIN,1,False
SAINT VINCENT HOSPITAL,1,False
GREAT FALLS CLINIC HOSPITAL,1,False
ATLANTA CANCER CARE - CUMMING,1,False
COLORODO UROLOGY - LOUISVILLE,1,False
BETH ISRAEL DEACONESS HOSPITAL - PLYMOUTH,1,False
VIRGINIA UROLOGY,1,False
GLENBROOK HOSPITAL,1,False
YALE-NEW HEAVEN - SMILOW CANCER HOSPITAL - TRUMBULL,1,False
LOMBARDI,1,True
HOLY CROSS HEALTH,1,False
ADVANCED UROLOGY INSTITUTE - ORANGE CITY,1,False
NORTHWEST MEDICAL CENTER - SPRINGDALE,1,False
ALAMOGORDO INTERNAL MEDICINE,1,False
UROLOGY CARE ALLIANCE,1,False
ATLANTICARE,1,False
ATRIUS HEALTH - HARVARD VANGUARD - BOSTON,1,False
JEFFERSON HOSPITAL,1,False
ASHEVILLE UROLOGICAL ASSOCIATES INC.,1,False
SURGERY CENTER OF IDAHO,1,False
UTAH CANCER SPECIALISTS,1,False
LAKE WHITNEY MEDICAL CLINIC,1,False
BANNER - UNIVERSITY MEDICAL CENTER TUCSON CAMPUS,1,False
INOVA ALEXANDRIA HOSPITAL,1,False
TRI VALLEY UROLOGY MED GROUP,1,False
DUKE HEALTH - DUKE CANCER CENTER - RALEIGH,1,False
SURGERY CENTER OF ORADELL,1,False
PAGOSA MEDICAL GROUP,1,False
ARIZONA STATE UROLOGICAL INSTITUTE - AHWATUKEE,1,False
SKY RIDGE MEDICAL CENTER - ROCKY MOUNTAIN CANCER CENTERS,1,False
VAIL HEALTH - SHAW CANCER CENTER,1,False
ST. PETE UROLOGY,1,False
OU HEALTH PHYSICIANS FOUNTAIN LAKE,1,False
SOUTHERN INDIANA PHYSICIANS FAMILY AND INTERNAL MEDICINE,1,False
KAISER PERMANENTE - SANTA ROSA MEDICAL CENTER,1,False
RELIANT MEDICAL GROUP,1,False
MAINE MEDICAL CENTER,1,False
UROLOGY CENTER OF BREVARD,1,False
SURGICAL ASSOCIATES NORTHWEST UROLOGY,1,False
21ST CENTURY ONCOLOGY CLINIC - MYRTLE BEACH,1,False
MERCY CLINIC UROLOGY - PINNACLE HILLS,1,False
GRAVES GILBERT CLINIC - BOWLING GREEN MAIN LOCATION,1,False
WASHINGTON DC VA MEDICAL CENTER,1,False
ST LUKE'S HOSPITAL - DULUTH,1,False
UROLOGY CARE ALLIANCE - LAWRENCEVILLE,1,False
SURGERY CENTER OF OCALA,1,False
COMPASS ONCOLOGY - WEST,1,False
BAYLOR,1,True
"MEDICAL CLINIC OF HOUSTON, LLC",1,False
CENTER FOR UROLOGIC SERVICES PC: CADOFF ROBERT E MD,1,False
HEIGHTS MEDICAL ASSOCIATES,1,False
DIANON PATHOLOGY,1,False
GOLDEN GATE UROLOGY,1,False
BAY AREA UROLOGY,1,False
UROLOGY ASSOCIATES INC,1,False
HARVARD VANGUARD MEDICAL ASSOCIATES - CHELMSFORD,1,False
ASCENSION SETON HAYS HOSPITAL,1,False
SUNNYBROOK HEALTH SCIENCES CENTRE,1,False
ORLANDO UROLOGY ASSOCIATES,1,False
UROLOGY ASSOCIATES OF NORTH TEXAS,1,False
RIDLEY TREE CANCER CENTER,1,False
LEGACY MOUNT HOOD MEDICAL CENTER,1,False
SPARTANBURG SURGERY CENTER,1,False
CANCER TREATMENT CENTERS OF AMERICA - PHILADELPHIA,1,False
FLORIDA CANCER SPECIALISTS - DELAND,1,False
NYC HEALTH + HOSPITALS / BELLEVUE,1,False
ANCHORAGE RADIATION THERAPY CENTER,1,False
THE CHRIST HOSPITAL,1,False
THEDACARE REGIONAL MEDICAL CENTER - NEENAH,1,False
ST PAUL'S HOSPITAL - SASKATOON,1,False
CONRAD PEARSON UROLOGY - METHODIST NORTH OFFICE,1,False
YAVAPAI REGIONAL MEDICAL CENTER WEST,1,False
TORRANCE MEMORIAL PHYSICIAN NETWORK,1,False
GUNDERSEN LUTHERAN MEDICAL CENTER,1,False
GEORGIA WELLNESS CENTER,1,False
VA MEDICAL CENTER - SALEM,1,False
MERCY HEALTH MERCY CAMPUS,1,False
SUTTER HEALTH - CALIFORNIA PACIFIC MEDICAL CENTER (CMPC),1,False
ALAMOGORDO UROLOGY,1,False
PROSTATE INSTITUTE OF AMERICA,1,False
AGNESIAN HEALTHCARE - FOND DU LAC REGIONAL CLINIC,1,False
PROVIDENCE UROLOGY,1,False
MARTIN MEMORIAL MEDICAL GROUP,1,False
KAISER PERMANENTE - WALNUT CREEK,1,False
UNITY CARE NORTH WEST,1,False
UF HEALTH JACKSONVILLE,1,False
CANCER SPECIALISTS OF NORTH FLORIDA - BAPTIST SOUTH,1,False
SARATOGA HOSPITAL MEDICAL GROUP PRIMARY CARE – MILTON,1,False
VICTORIA UROLOGY,1,False
CONTRA COSTA REGIONAL MEDICAL CENTER,1,False
UROLOGY ASSOCIATES PA,1,False
LOWELL GENERAL HOSPITAL,1,False
CLEVELAND CLINIC FLORIDA,1,False
PALMETTO GREENVILLE UROLOGY - GREENVILLE,1,False
HEARTLAND REGIONAL MEDICAL CENTER,1,False
CHARLTON MEMORIAL HOSPITAL,1,False
"THE UROLOGY GROUP, PC",1,False
RIVERSIDE REGIONAL MEDICAL CENTER,1,False
NEW ULM MEDICAL CENTER,1,False
RESEARCH MEDICAL CENTER,1,False
CALIFORNIA PACIFIC MEDICAL CENTER,1,False
WVU MEDICINE - JW RUBY MEMORIAL HOSPITAL,1,False
BERKSHIRE HEALTH SYSTEM - FAIRVIEW HOSPITAL,1,False
COMMUNITY HEALTH NETWORK - COMMUNITY CANCER CENTER NORTH,1,False
DANA-FARBER/BRIGHAM AND WOMEN'S CANCER CENTER - MILFORD REGIONAL MEDICAL CENTER,1,False
LOUIS A JOHNSON VA MEDICAL CENTER,1,False
PEIDMONT PHYSICIANS UROLOGY SPECIALITS - ATLANTA,1,False
KAISER PERMANENTE - ROSEVILLE MEDICAL CENTER,1,False
PRESBYTERIAN UROLOGY,1,False
MCLAREN NORTHERN MICHIGAN,1,False
SAINT LUKE'S SOUTH HOSPITAL,1,False
CHESAPEAKE UROLOGY ASSOCIATES - TOWSON,1,False
KENMORE MERCY HOSPITAL,1,False
SPARTANBURG MEDICAL CENTER - GIBBS CANCER CENTER - SOUTH GREER,1,False
SAN BUENAVENTURA UROLOGY CENTER,1,False
M.D. ANDERSON CANCER CENTER AT COOPER - VOORHEES,1,False
BARBARA ANN KARMANOS CANCER INSTITUTE,1,False
HEALTHCARE PARTNERS - PASADENA MAIN OFFICE,1,False
SSM HEALTH ST. ANTHONY HOSPITAL - OKLAHOMA CITY,1,False
ADVANCED UROLOGY INSTITUTE - DAYTONA BEACH OFFICE,1,False
ADULT AND PEDIATRIC UROLOGY OF HUNTERDON,1,False
SAINT JOHN REGIONAL HOSPITAL,1,False
INTERMOUNTAIN CANCER CENTERS - MCKAY-DEE,1,False
DANA-FARBER CANCER INSTITUTE - SOUTH SHORE HOSPITAL,1,False
VA HEALTHCARE SYSTEM - BAY PINES,1,False
VA CONNECTICUT HEALTH CARE SYSTEM - WEST HAVEN,1,False
MT BAKER IMAGING,1,False
COLORADO UROLOGY - LOUISVILLE,1,False
ST. ANTHONY HOSPITAL,1,False
"UROLOGY ASSOCIATES OF BRIDGEPORT, PC",1,False
NIAGARA HEALTH - ST. CATHARINES,1,False
ENLOE MEDICAL CENTER,1,False
GERALD CHAMPION REGIONAL MEDICAL CENTER,1,False
FLORIDA CANCER SPECIALISTS - BRANDON CANCER CENTER,1,False
UNIVERSITY OF MICHIGAN HEALTH SYSTEM - NORTHVILLE,1,False
SOUTHEAST NEBRASKA CANCER CENTER,1,False
MIDMICHIGAN MEDICAL CENTER,1,False
THE TOLEDO CLINIC,1,False
UROLOGY ASSOCIATES - LONE TREE,1,False
CAROLINAEAST INTERNAL MEDICINE- POLLOCKSVILLE,1,False
YALE-NEW HAVEN HEALTH - GREENWICH HOSPITAL,1,False
DR. VINCENT MARINO,1,False
UPMC - PASSAVANT,1,False
PIEDMONT PHYSICIANS UROLOGY SPECIALISTS - NEWNAN,1,False
THE OTTAWA HOSPITAL REGIONAL CANCER CENTER,1,False
EL DORADO INTERNAL MEDICINE,1,False
ANOVA CANCER CARE CENTER - LONE TREE,1,False
MONMOUTH MEDICAL CENTER,1,False
PETROGLYPH PATHOLOGY SERVICES,1,False
VERDE VALLEY MEDICAL CENTER,1,False
KAMLOOPS CANCER CLINIC,1,False
TEXAS HEALTH PRESBYTERIAN HOSPITAL OF DALLAS,1,False
MELBOURNE REGIONAL MEDICAL CENTER,1,False
REGIONAL UROLOGY,1,False
PROVIDENCE REGIONAL MEDICAL CENTER - EVERETT - PROVIDENCE REGIONAL CANCER PARTNERSHIP,1,False
STANFORD HEALTHCARE - STANFORD CANCER CENTER - PALO ALTO,1,False
PEACE ARCH HOSPITAL,1,False
"PERLOW UROLOGY PRACTICE, PC",1,False
BRONSON METHODIST HOSPITAL,1,False
ASCENSION PROVIDENCE HOSPITAL - NOVI,1,False
TERRY Q YEE MD,1,False
MOUNT CARMEL ST. ANN'S,1,False
ADVENTIST HEALTH COMMUNITY CARE - SHAFTER,1,False
PLACENTIA-LINDA HOSPITAL,1,False
TRILLIUM HEALTH PARTNERS - MISSISSAUGA HOSPITAL,1,False
ASANTE UROLOGY - MEDFORD,1,False
MIAMI CANCER INSTITUTE,1,False
IMPRIMIS UROLOGY,1,False
MCIVER CLIIC,1,False
BAPTIST HEALTH LEXINGTON,1,False
SCIOTO VALLEY UROLOGY INC.,1,False
ANNE ARUNDEL MEDICAL CENTER,1,False
TEXAS ONCOLOGY - AUSTIN,1,False
NAVAL HOSPITAL PENSACOLA,1,False
HOUSTON METHODIST HOSPITAL - HOUSTON,1,False
SAINT FRANCIS HOSPITAL,1,False
MINNESOTA ONCOLOGY - MINNEAPOLIS,1,False
WESLEY MEDICAL CENTER,1,False
UNIVERSITY OF KANSAS - PHYSICIANS UROLOGY,1,False
PARKWAY SURGERY CENTER,1,False
MAGETA FAMILY MEDICAL CLINIC,1,False
CHARLES GEORGE VA MEDICAL CENTER,1,False
BETH ISRAEL LAHEY HEALTH - WINCHESTER HOSPITAL,1,False
HOUSTON METHODIST BAYTOWN HOSPITAL,1,False
SUMMIT CANCER CENTERS - SAVANNAH,1,False
KECK HOSPITAL OF USC - BAKERSFIELD,1,False
JOHN THEURER CANCER CENTER,1,False
CABRILLO RADIATION ONCOLOGY CENTER,1,False
BOZEMAN HEALTH DEACONESS HOSPITAL - BOZEMAN CANCER CENTER,1,False
KUAKINI MEDICAL CENTER,1,False
UNIVERSITY OF KANSAS CANCER CENTER - RICHARD AND ANNETTE BLOCH CANCER CARE PAVILLION,1,False
PIEDMONT NEWNAN HOSPITAL - PIEDMONT CANCER CENTER,1,False
TGH BRANDON HEALTHPLEX,1,False
INTEGRIS BAPTIST MEDICAL HEALTH CENTER,1,False
KAISER PERMANENTE - MANTECA,1,False
CEDARS-SINAI MEDICAL CELTER,1,False
DAWSON ROAD FAMILY MEDICAL CLINIC,1,False
BRITISH COLUMBIA CANCER AGENCY,1,False
NIAGARA HEALTH SYSTEM - ST CATHERINES,1,False
ALBERTA HEALTH SERVICES - TOM BAKER CANCER CENTRE,1,False
SKYLINE UROLOGY,1,False
"CENTRAL ARIZONA UROLOGISTS, LTD",1,False
BANNER HEALTH CLINIC,1,False
BRYAN MEDICAL CENTER - EAST CAMPUS,1,False
"JOHN M. CANNON, MD",1,False
AURORA ST LUKE'S MEDICAL CENTER,1,False
CENTRA MEDICAL GROUP UROLOGY CENTER- LANGHORNE ROAD,1,False
KAISER PERMANENTE - FAIR OAKS MEDICAL CENTER,1,False
OHSU HILLSBORO MEDICAL CENTER,1,False
SOUTHERN CANCER CENTER - DAPHNE,1,False
MILFORD UROLOGY PC: NIERMAN MARC L MD,1,False
ASCENSION MEDICAL GROUP EVANSVILLE UROLOGY,1,False
HEMATOLOGY ONCOLOGY ASSOCIATES PC - ASANTE,1,False
ST. JOSEPH'S HOSPITAL - SAINT JOHN,1,False
FROEDTERT SOUTH (KENOSHA MEDICAL CENTER),1,False
RADIATION ONCOLOGY ASSOCIATES,1,False
HUNTINGTON MEMORIAL HOSPITAL,1,False
ADVENTHEALTH MEDICAL GROUP RADIATION ONCOLOGY,1,False
RUSH COPLEY MEDICAL CENTER,1,False
ST. MARY'S MEDICAL CENTER - HUNTINGTON,1,False
COMMONWEALTH UROLOGY,1,False
21ST CENTURY ONCOLOGY CLINIC - NAPLES,1,False
JEWISH GENERAL HOSPITAL,1,False
SCRIPPS CLINIC - TORREY PINES,1,False
NEW HAMPSHIRE ONCOLOGY AND HEMATOLOGY,1,False
YAKIMA UROLOGY ASSOCIATES,1,False
SEATTLE INTEGRATIVE CANCER CENTER,1,False
METHODIST HOSPITAL STONE OAK,1,False
ASSOCIATED UROLGIC SPECIALIST,1,False
FLORIDA CANCER SPECIALISTS - ORLANDO,1,False
KADLEC REGIONAL MEDICAL CENTER,1,False
SOUTHERN CANCER CENTER - MOBILE,1,False
MID COAST HOSPITAL,1,False
BEND MEMORIAL CLINIC,1,False
LEWISGALE HOSPITAL MONTGOMERY,1,False
HCA HOUSTON HEALTHCARE NORTHWEST,1,False
JEFFERSON SURGICAL CLINIC - TANGLEWOOD,1,False
LEXINGTON VA MEDICAL CENTER - COOPER DIVISION,1,False
ALTA BATES SUMMIT MEDICAL CENTER - COMPREHENSIVE CANCER CENTER - OAKLAND,1,False
CARILION CLINIC,1,False
RIVERBEND MEDICAL GROUP - WESTFIELD,1,False
SUNCOAST UROLOGY,1,False
THE CANCER CENTER OF SANTA BARBARA,1,False
KONA COMMUNITY HOSPITAL,1,False
SCRANTON HEMATOLOGY AND ONCOLOGY,1,False
NEW RIVER UROLOGY,1,False
NORWOOD HOSPITAL,1,False
CHESAPEAKE UROLOGY ASSOCIATES  - FULTON,1,False
EPIC CARE - ANTIOCH,1,False
HELEN F. GRAHAM CANCER CENTER WEST,1,False
THE UROLOGY PLACE,1,False
ORANGE COUNTY UROLOGY ASSOCIATES,1,False
BC CANCER AGENCY - VANCOUVER ISLAND CENTRE,1,False
DANBURY HOSPITAL,1,False
MERCY REGIONAL MEDICAL CENTER,1,False
"MARYLAND PRIMARY CARE PHYSICIANS, LLC",1,False
THOMPSON CANCER SURVIVAL CENTER,1,False
EMERSON HOSPITAL,1,False
NORTHBAY UROLOGY - NAPA UROLOGY,1,False
ST VINCENT FRONTIER CANCER CENTER,1,False
CHATTANOOGA IMAGING EAST,1,False
COMMUNITY MEMORIAL HOSPITAL,1,False
THE UROLOGY GROUP OF WESTERN NEW ENGLAND,1,False
WILLAMETTE VALLEY CANCER INSTITUTE AND RESEARCH CENTER - COUNTRY CLUB,1,False
SAN BUENABENTURA UROLOGY CENTER,1,False
AMERICAN PROFESSIONAL ASSOCIATES LLC - VANTAGE ONCOLOGY CANCER CENTER - LAWRENCEVILLE,1,False
WINCHESTER HOSPITAL,1,False
NORTHSIDE HOSPITAL - RADIATION ONCOLOGY OF ATLANTA,1,False
UROLOGIC PHYSICIANS PA,1,False
UROLOGY ASSOCIATES OF DANBURY,1,False
PALO VERDE CANCER SPECIALISTS,1,False
EPIC CARE - PLEASANT HILL,1,False
ADVOCATE MEDICAL GROUP,1,False
MERCY HOSPITAL,1,False
ADVENTIST HEALTH LODI MEMORIAL,1,False
ROCKY MOUNTAIN CANCER CENTERS - AURORA,1,False
POTOMAC UROLOGY,1,False
DR DAVID SAMADI,1,False
MARKHAM STOUFFVILLE HOSPITAL,1,False
UROLOGY CLINIC OF DR. BERNARD GOLDFARB,1,False
UROLOGY ASSOCIATES OF WEST FLORIDA,1,False
CHESAPEAKE UROLOGY - BALTIMORE,1,False
SANFORD USD MEDICAL CENTER AND HOSPITAL,1,False
NORTH IDAHO UROLOGY,1,False
LAKE JACKSON UROLOGY,1,False
CAMPBELL UROLOGY - LUFKIN,1,False
"DR. NANCY WHEELER, MD",1,False
SOUTHERN INDIANA PHYSICIANS UROLOGY - IU HEALTH,1,False
UROLOGY GROUP OF NEW JERSEY,1,False
"UMASS MEMORIAL HEALTHALLIANCE - CLINTON HOSPITAL, LEOMINSTER CAMPUS",1,False
MISSOURI BAPTIST MEDICAL CENTER,1,False
PROVIDENCE PORTLAND MEDICAL CENTER,1,False
WALSH UROLOGY ASSOCIATES,1,False
HAWAII PACIFIC HEALTH - PALI MOMI MEDICAL CENTER,1,False
FOND DU LAC REGIONAL CLINIC,1,False
UROLOGY OF ST. LOUIS,1,False
TEXAS ONCOLOGY - DALLAS,1,False
LOWCOUNTRY UROLOGY CLINICS - WEST ASHLEY - TOBIAS GADSON OFFICE,1,False
HEALTH FIRST CANCER INSTITUTE,1,False
"VARKI CANCERCARE CENTER, PA",1,False
UROLOGY INSTITUTE OF SOUTH BAY,1,False
UROLOGY SERVICE OF BERKSHIRE,1,False
KNOX COUNTY UROLOGY,1,False
CANCER TREATMENT CENTERS OF AMERICA - ATLANTA,1,False
LONGSTREET CLINIC CANCER CENTER,1,False
INDIANA UNIVERSITY HEALTH - BLOOMINGTON,1,False
RENOWN,1,False
CANCER CENTER OF IRVINE,1,False
ROBERT J DOLE VA MEDICAL CENTER,1,False
VIRGINIA ONCOLOGY ASSOCIATES - WILLIAMSBURG,1,False
DUPAGE MEDICAL GROUP - PLAINFIELD,1,False
NORTHWEST HEALTH CARE ASSOCIATES,1,False
LUDINGTON HOSPITAL,1,False
COMMUNITY CANCER CENTER SOUTH,1,False
HARVARD VANGUARD MEDICAL ASSOCIATES - SOMERVILLE,1,False
LAHEY MEDICAL CENTER - PEABODY,1,False
BEND UROLOGY ASSOCIATES LLC,1,False
UC SAN DIEGO HEALTH - ENCINITAS,1,False
ADVENTIST HEALTH BAKERSFIELD - AIS CANCER CENTER,1,False
SUTTER DELTA MEDICAL CENTER,1,False
CANCERCARE MANITOBA,1,False
JOHN B AMOS CANCER CENTER,1,False
KITCHENER UROLOGY PARTNERS,1,False
PONDVILLE MEDICAL ASSOCIATES,1,False
CHESAPEAKE UROLOGY ASSOCIATES - MAPLE LAWN,1,False
NORTHSHORE UNIVERSITY HEALTH SYSTEM - HIGHLAND PARK HOSPITAL,1,False
ARIZONA INSTITUTE OF UROLOGY - GREEN VALLEY,1,False
VA MEDICAL CENTER - WEST LOS ANGELES,1,False
NEEDHAM UROLOGY ASSOCIATES,1,False
ATLANTA ONCOLOGY ASSOCIATES,1,False
DUPAGE MEDICAL GROUP - NAPERVILLE,1,False
NORTHWELL HEALTH - NORTH SHORE UNIVERSITY HOSPITAL,1,False
ASCENSION PROVIDENCE,1,False
REGIONAL CANCER CARE ASSOCIATES,1,False
BAY AREA UROLOGICAL ASSOCIATES,1,False
KOOTENAI CLINIC - FAMILY MEDICINE COEUR D'ALENE RESIDENCY,1,False
GOLDEN MEDICAL CLINIC,1,False
LEWISGALE PHYSICIANS - HEMATOLOGY AND ONCOLOGY,1,False
OGDEN REGIONAL MEDICAL CENTER,1,False
BRADY UROLOGICAL INSTITUTE,1,False
ESSENTIA HEALTH - DULUTH CLINIC,1,False
BLOCK CENTER INTEGRATIVE CANCER TREATMENT,1,False
NANCY N AND JC LEWIS CANCER AND RESEARCH PAVILION,1,False
CITY OF HOPE - WEST HILLS,1,False
HEMATOLOGY ONCOLOGY ASSOCIATES,1,False
UNIVERSITY OF NEW MEXICO,1,True
LOUIS STOKES VA MEDICAL CENTER,1,False
TRIANGLE UROLOGOY ASSOCIATES,1,False
COLORADO UROLOGY - BOULDER,1,False
COLORADO SPRINGS UROLOGICAL ASSOCIATES,1,False
UROLOGY ASSOCIATES OF THE CENTRAL COAST,1,False
WAKE MED - NORTH RALEIGH,1,False
HCA MIDWEST HEALTH - MENORAH MEDICAL CENTER,1,False
THOMAS JEFFERSON,1,True
MON HEALTH UROLOGY,1,False
ASHOK J KAR MD,1,False
ST JOSEPH MOSAIC MEDICAL CENTER,1,False
GULF COAST MEDICAL CENTER,1,False
ARIZONA CENTER FOR VASECTOMY & UROLOGY PC,1,False
LOWER MANHATTEN CANCER CENTER,1,False
UMASS MEMORIAL - MARLBOROUGH HOSPITAL,1,False
BC CANCER AGENCY - FRASER VALLEY CANCER CENTER,1,False
UROLOGICAL SPECIALISTS - TULSA,1,False
HOUSTON METHODIST HOSPITAL - DALLAS,1,False
CANCER CARE CENTERS OF BREVARD - MELBOURNE,1,False
PROMEDICA GENITO-URINARY SURGEONS-TOLEDO,1,False
HIGH POINT MEDICAL CENTER,1,False
CORPUS CHRISTI UROLOGY GROUP,1,False
ROCKY MOUNTAIN CANCER CENTERS - LAKEWOOD,1,False
IRONWOOD CANCER & RESEARCH CENTER - GILBERT,1,False
SIH MEDICAL GROUP UROLOGY - CARBONDALE,1,False
UCLA HEALTH - WESTWOOD UROLOGY,1,False
ABBOTT NORTHWESTERN HOSPITAL,1,False
WELLSTAR KENNESTONE HOSPITAL,1,False
THUNDER BAY UROLOGY,1,False
FLORIDA CANCER SPECIALISTS - PORT ORANGE,1,False
THE EVERETT CLINIC - FOUNDERS BUILDING,1,False
MYSTIC VALLEY UROLOGY,1,False
TRI-CITY MEDICAL CENTER,1,False
MCKAY-DEE HOSPTIAL,1,False
THUNDER BAY REGIONAL HEALTH SCIENCES CENTRE - CANCER CARE,1,False
MEDICAL SPECIALISTS OF FAIRFIELD,1,False
UROLOGICAL ASSOCIATES - COLORADO SPRINGS,1,False
"DR. DEREK P. OTTEM, INC",1,False
MARIN HEALTH MEDICAL CENTER,1,False
WEST MICHIGAN CANCER CENTER,1,False
ADVENTIST HEALTH PHYSICIANS NETWORK,1,False
GOSHEN HOSPITAL,1,False
UPMC SHADYSIDE,1,False
KADLEC CLINIC - HEMATOLOGY AND ONCOLOGY,1,False
UC SAN DEIGO HEALTH,1,False
STONY BROOK UNIVERSITY HOSPITAL,1,False
MIDDLESEX HOSPITAL,1,False
MN ONCOLOGY,1,False
MCLEOD SEACOAST HOSPITAL,1,False
UCHICAGO MEDICINE - INGALLS OUTPATIENT CENTER - HARVEY,1,False
VA MEDICAL CENTER - EAST ORANGE,1,False
MORRISVILLE FAMILY HEALTH CARE,1,False
NEW ENGLAND UROLOGY,1,False
SPOKANE UROLOGY,1,False
MACKENZIE HEALTH - RICHMOND HILL,1,False
"UROLOGY SPECIALISTS OF CENTRAL FLORIDA, PLLC",1,False
COPLEY HOSPITAL,1,False
OFFICE OF DR. MACFARLANE,1,False
CATHOLIC MEDICAL CENTER,1,False
NOVANT HEALTH MATTHEWS MEDICAL CENTER,1,False
FORT WAYNE MEDICAL ONCOLOGY,1,False
FLORIDA HOSPITAL CELEBRATION HEALTH,1,False
PIEDMONT UROLOGICAL ASSOCIATES,1,False
PENROSE-ST FRANCIS - PENROSE HOSPITAL,1,False
SANTA BARBARA PATHOLOGY LABORATORY,1,False
DELTA MEDIX UROLOGY,1,False
"SUTTER HEALTH - DAVID W NOLLER, MD",1,False
NEAR NORTH MEDICAL CLINIC,1,False
BAYLOR UNIVERSITY MEDICAL CENTER,1,False
GEISINGER WYOMING VALLEY MEDICAL CENTER - FRANK M. AND DOROTHEA HENRY CANCER CENTER,1,False
ROCKY MOUNTAIN UROLOGY CENTER AT VALLEY VIEW,1,False
CRESENT CITY UROLOGY,1,False
NOVANT HEALTH - UROLOGY PARTNERS - BOLIVIA,1,False
CANNON UROLOGY,1,False
PHYSICIANS' CLINIC OF IOWA - CEDAR RAPIDS,1,False
KYMERA INDEPENDENT PHYSICIANS,1,False
NEW ENGLAND CANCER SPECIALISTS - SCARBOROUGH,1,False
AMP UROLOGY,1,False
UNIVERSITY OF ROCHESTER MEDICAL CENTER,1,False
ADVENTHEALTH CELEBRATION HEALTH,1,False
ACADEMIC UROLOGY,1,False
MEDSTAR MONTGOMERY MEDICAL CENTER,1,False
TEXAS ONCOLOGY - ROUND ROCK,1,False
UNIVERSITY OF MARYLAND ST JOSEPH MEDICAL CENTER,1,False
AIS CANCER CENTER,1,False
ST LUKES HOSPITAL - CEDAR RAPIDS,1,False
CANCER CENTER OF SOUTH FLORIDA - LAKE WORTH,1,False
FLORIDA CANCER SPECIALISTS - VENICE,1,False
STANFORD HEALTH CARE - EMERYVILLE,1,False
UROLOGY ASSOCIATES - LITTLETON,1,False
HIGHLAND HOSPITAL,1,False
STANFORD UNIVERSITY - REDWOOD CITY,1,False
LITTLETON RADIATION ONCOLOGY,1,False
UNIVERSITY OF MARYLAND ST. JOSEPH MEDICAL CENTER,1,False
LAUDERDALE UROLOGY ASSOCIATES,1,False
BAPTIST MEDICAL CENTER SOUTH,1,False
KELSEY-SEYBOLD CLINIC,1,False
URO PARTNERS,1,False
BLUEWATER HEALTH - SARNIA,1,False
COLORADO UROLOGY - WHEAT RIDGE,1,False
SOUTH COUNTY UROLOGY,1,False
ERLANGER HOSPITAL,1,False
LEHIGH VALLEY HOSPITAL,1,False
SALEM CLINIC,1,False
USMD HEALTH SYSTEM,1,False
FIRST HILL SURGERY CENTER,1,False
RUTLAND REGIONAL MEDICAL CENTER,1,False
BEAUMONT HOSPITAL - FARMINGTON HILLS,1,False
UNIVERSITY OF MARYLAND COMMUNITY MEDICAL GROUP,1,False
KAISER PERMANENTE - ANAHEIM,1,False
SCRIPPS MEMORIAL HOSPITAL - LA JOLLA,1,False
WAKEMED PHYSICIAN PRACTICES UROLOGY,1,False
JOHNS HOPKINS HOSPITAL - SIDNEY KIMMEL CANCER CENTER,1,False
"ASSOCIATED UROLOGICAL SPECIALISTS, LLC - CHICAGO RIDGE",1,False
CHRISTUS ST. VINCENT REGIONAL CANCER CENTER,1,False
MAYO CLINIC - MANKATO,1,False
UK MARKEY CANCER CENTER ,1,True
VALLEY UROLOGIC ASSOCIATES - WEST VALLEY OFFICE,1,False
CORE PHYSICIANS,1,False
OCHSNER LAFAYETTE GENERAL MEDICAL CENTER,1,False
UNIVERSITY OF MIAMI - SYLVESTER CANCER CENTER - DEERFIELD,1,False
NORTHEAST UROLOGIC SURGERY,1,False
TEXAS ONCOLOGY - MIDLAND ALLISON CANCER CENTER,1,False
CAROLINAEAST UROLOGY- NEW BERN,1,False
IRONWOOD CANCER & RESEARCH CENTER - SCOTTSDALE,1,False
PEIDMONT HENRY HOSPITAL,1,False
BOTHWELL SUSAN O'BRIEN FISCHER CANCER CENTER,1,False
ADVENTIST HEALTH AND RIDEOUT - YUBA CITY,1,False
OVERLAKE MEDICAL CENTER,1,False
KAISER PERMANENTE - CAPITAL HILL,1,False
IOWA CITY VA HEALTH CARE SYSTEM,1,False
KAISER PERMANENTE - INTERSTATE MEDICAL OFFICE CENTRAL,1,False
NATIONAL JEWISH HEALTH - WESTERN HEMATOLOGY AND ONCOLOGY,1,False
LIFETIME HEALTH MEDICAL GROUP,1,False
KCUC - LEE'S SUMMIT,1,False
WILLIS-KNIGHTON CANCER CENTER,1,False
MEIKLEJOHN RADIATION ONCOLOGY CENTER,1,False
USMD HOSPITAL,1,False
COLORADO UROLOGY - GOLDEN,1,False
SANFORD HEALTH - CHAMBERLAIN CLINIC,1,False
MID PENINSULA UROLOGY GROUP,1,False
CHESAPEAKE UROLOGY ASSOCIATES - OWING MILLS,1,False
KAISER PERMANENTE - TYSONS CORNER,1,False
UROLOGICAL SPECIALISTS,1,False
"DR. OMID A. LESANI, MD",1,False
GEORGIA UROLOGY - DECATUR,1,False
SARASOTA INTERVENTIONAL RADIOLOGY,1,False
MENORAH MEDICAL CENTER - LEAWOOD HOSPITAL,1,False
CATHOLIC HEALTH INITIATIVES MEMORIAL HOSPITAL,1,False
TAMPA BAY RADIATION ONCOLOGY,1,False
WILKES-BARRE VA MEDICAL CENTER,1,False
ARIZONA UROLOGY SPECIALISTS - PHOENIX,1,False
"PIEDMONT UROLOGY ASSOCIATES OF COLUMBUS, P.C.",1,False
ROCKY MOUNTAIN CANCER CENTERS - COLORADO SPRINGS,1,False
CLEVELAND CLINIC - BEACHWOOD FAMILY HEALTH CENTER,1,False
ALTA BATES SUMMIT MEDICAL CENTER - SUMMIT CAMPUS,1,False
JOHNS HOPKINS HOSPITAL - BRADY UROLOGICAL INSTITUTE,1,False
SOUTHERN UROLOGY,1,False
DUPAGE MEDICAL ASSOCIATES - NORTHWEST HEALTHCARE ASSOCIATES,1,False
DR. ALPHIN TALAL,1,False
UCI HEALTH CENTER,1,False
UROLOGY SPECIALISTS OF THE CAROLINAS,1,False
AURORA CANCER CENTER,1,False
CLEVELAND CLINIC - WOOSTER MILLTOWN,1,False
KSK CANCER CENTER OF IRVINE,1,False
MERCY MEDICAL GROUP  - ELK GROVE,1,False
OREGON UROLOGY INSTITUTE,1,False
CHARLOTTE HUNGERFORD HOSPITAL,1,False
PROVIDENCE SACRED HEART MEDICAL CENTER - SPOKANE,1,False
"COLUMBUS UROLOGY, INC",1,False
MEMORIAL HERMANN-THE WOODLANDS MEDICAL CENTER,1,False
HARVARD VANGUARD MEDICAL ASSOCIATES - BURLINGTON,1,False
UF HEALTH PROTON THERAPY INSTITUTE,1,False
NEW ENGLAND CANCER SPECIALISTS - BRUNSWICK,1,False
WELLAND MCMASTER FAMILY HEALTH TEAM,1,False
VIRGINIA ONCOLOGY ASSOCIATES - VIRGINIA BEACH,1,False
ARIZONA CENTER FOR CANCER CARE,1,False
MID-ATLANTIC UROLOGY - GREENBELT,1,False
NASELLE CLINIC,1,False
CAPITAL REGION UROLOGICAL,1,False
LOYOLA UNIVERSITY MEDICAL CENTER,1,False
YAVAPAI REGIONAL MEDICAL CENTER PHYSICIANCARE,1,False
UCHEALTH CANCER CARE AND HEMATOLOGY CLINIC - GREELEY,1,False
HIGHROADS MEDICAL CLINICS - BURNABY,1,False
VICTORIA GENERAL HOSPITAL,1,False
MERGY UROLOGY SERVICES,1,False
ROGUE VALLEY UROLOGY,1,False
LOVELACE MEDICAL CENER,1,False
MDVIP,1,False
CHESAPEAKE UROLOGY - TOWSON,1,False
ISABELLA MARTIRE ONCOLOGY AND HEMATOLOGY,1,False
SPARROW HOSPITAL,1,False
WEST VIRGINIA UNIVERSITY HOSPITALS - UNITED HOSPITAL CENTER,1,False
MORTON HOSPITAL,1,False
ST. JOSEPH'S HOSPITAL - TUSCON,1,False
UROLOGY CENTER OF THE SOUTH,1,False
FLORIDA UROLOGY ASSOCIATES - ORLANDO,1,False
WESTERN NEW YORK UROLOGY ASSOCIATES,1,False
UNIVERSITY OF ARIZONA CANCER CENTER AT DIGNITY HEALTH,1,False
CHINN AND CHINN UROLOGY ASSOCIATES,1,False
PERU MEDICAL CENTER,1,False
GULF BREEZE HOSPITAL,1,False
UROLOGIC SPECIALISTS,1,False
M.D. ANDERSON CANCER RADIATION CENTER,1,False
ST. PETERSBURG GENERAL HOSPITAL,1,False
SENTARA LEIGH HOSPITAL,1,False
M HEALTH FAIRVIEW CLINICS AND SURGERY CENTER - MINNEAPOLIS,1,False
WEST CANCER CARE,1,False
BANNER - UNIVERSITY MEDICAL CENTER - PHOENIX,1,False
WARREN GENERAL HOSPITAL,1,False
NORTHSIDE HOSPITAL,1,False
UROLOGY TREATMENT CENTER,1,False
PREMIER MEDICAL GROUP,1,False
PROVIDENCE ALASKA MEDICAL CENTER,1,False
ADVANCED UROLOGY INSTITUTE,1,False
LUBBOCK UROLOGY,1,False
UNIVERSITY OF MIAMI SCHOOL OF MEDICINE,1,False
VETERANS AFFAIRS - LITTLE ROCK,1,False
LEWISGALE HOSPITAL PULASKI,1,False
UROLOGY & ONCOLOGY SPECIALISTS PC,1,False
ADVENTHEALTH WINTER PARK,1,False
UTMB HEALTH,1,False
THE MEDICAL CENTER AT BOWLING GREEN,1,False
PHEONIX MOLECULAR IMAGING,1,False
